{
  "HTTP Request-1" : {
    "transaction" : "HTTP Request-1",
    "sampleCount" : 100,
    "errorCount" : 0,
    "errorPct" : 0.0,
    "meanResTime" : 2708.600000000001,
    "medianResTime" : 2653.5,
    "minResTime" : 1243.0,
    "maxResTime" : 5803.0,
    "pct1ResTime" : 3493.6,
    "pct2ResTime" : 4244.499999999996,
    "pct3ResTime" : 5797.289999999997,
    "throughput" : 17.185083347654235,
    "receivedKBytesPerSec" : 214.71284799793779,
    "sentKBytesPerSec" : 2.3495231139371024
  },
  "Total" : {
    "transaction" : "Total",
    "sampleCount" : 300,
    "errorCount" : 0,
    "errorPct" : 0.0,
    "meanResTime" : 1902.4566666666667,
    "medianResTime" : 2176.5,
    "minResTime" : 27.0,
    "maxResTime" : 6122.0,
    "pct1ResTime" : 3459.1000000000013,
    "pct2ResTime" : 3838.0499999999997,
    "pct3ResTime" : 5308.2300000000005,
    "throughput" : 48.94762604013705,
    "receivedKBytesPerSec" : 424.3083598466308,
    "sentKBytesPerSec" : 8.922744330233318
  },
  "HTTP Request-0" : {
    "transaction" : "HTTP Request-0",
    "sampleCount" : 100,
    "errorCount" : 0,
    "errorPct" : 0.0,
    "meanResTime" : 143.29,
    "medianResTime" : 104.0,
    "minResTime" : 27.0,
    "maxResTime" : 674.0,
    "pct1ResTime" : 302.0,
    "pct2ResTime" : 305.0,
    "pct3ResTime" : 670.6899999999982,
    "throughput" : 44.603033006244424,
    "receivedKBytesPerSec" : 22.69353534790366,
    "sentKBytesPerSec" : 6.09807091882248
  },
  "HTTP Request" : {
    "transaction" : "HTTP Request",
    "sampleCount" : 100,
    "errorCount" : 0,
    "errorPct" : 0.0,
    "meanResTime" : 2855.4800000000014,
    "medianResTime" : 2699.0,
    "minResTime" : 1587.0,
    "maxResTime" : 6122.0,
    "pct1ResTime" : 3798.6000000000004,
    "pct2ResTime" : 4351.449999999995,
    "pct3ResTime" : 6113.869999999995,
    "throughput" : 16.31587534671235,
    "receivedKBytesPerSec" : 212.1541799233154,
    "sentKBytesPerSec" : 4.461372165116659
  }
}